{"stats":{"minecraft:picked_up":{"minecraft:dirt":1},"minecraft:custom":{"minecraft:jump":59,"minecraft:time_since_rest":136,"minecraft:deaths":1,"minecraft:damage_dealt":222,"minecraft:leave_game":3,"minecraft:sprint_one_cm":4932,"minecraft:play_time":8000,"minecraft:damage_taken":472,"minecraft:time_since_death":1647,"minecraft:walk_one_cm":16719,"minecraft:total_world_time":8000,"minecraft:fall_one_cm":849,"minecraft:fly_one_cm":1643},"minecraft:used":{"tombstone:gift":2,"minecraft:dirt":1},"minecraft:mined":{"minecraft:grass_block":1}},"DataVersion":3465}