{"stats":{"minecraft:custom":{"minecraft:jump":30,"minecraft:time_since_rest":5613,"minecraft:damage_dealt":165,"minecraft:leave_game":2,"minecraft:sprint_one_cm":6607,"minecraft:play_time":5613,"minecraft:time_since_death":5613,"minecraft:walk_one_cm":2452,"minecraft:sneak_time":83,"minecraft:total_world_time":5613,"minecraft:mob_kills":1,"minecraft:fall_one_cm":476,"minecraft:fly_one_cm":7394},"minecraft:mined":{"minecraft:grass":5},"minecraft:picked_up":{"minecraft:porkchop":2},"minecraft:killed":{"minecraft:pig":1}},"DataVersion":3465}