{"stats":{"minecraft:picked_up":{"minecraft:dirt":1},"minecraft:custom":{"minecraft:jump":77,"minecraft:time_since_rest":910,"minecraft:damage_taken":492,"minecraft:damage_dealt":222,"minecraft:leave_game":4,"minecraft:sprint_one_cm":7879,"minecraft:play_time":8774,"minecraft:walk_one_cm":18136,"minecraft:time_since_death":2421,"minecraft:deaths":1,"minecraft:total_world_time":8774,"minecraft:fall_one_cm":1462,"minecraft:fly_one_cm":3660},"minecraft:used":{"tombstone:gift":2,"minecraft:dirt":1},"minecraft:mined":{"minecraft:grass_block":1,"minecraft:oak_leaves":2}},"DataVersion":3465}