{"stats":{"minecraft:custom":{"minecraft:jump":19,"minecraft:time_since_rest":5279,"minecraft:damage_dealt":100,"minecraft:leave_game":1,"minecraft:sprint_one_cm":5549,"minecraft:play_time":5279,"minecraft:time_since_death":5279,"minecraft:walk_one_cm":1808,"minecraft:sneak_time":83,"minecraft:total_world_time":5279,"minecraft:mob_kills":1,"minecraft:fly_one_cm":4790},"minecraft:mined":{"minecraft:grass":3},"minecraft:killed":{"minecraft:pig":1},"minecraft:picked_up":{"minecraft:porkchop":2}},"DataVersion":3465}