{"stats":{"minecraft:custom":{"minecraft:jump":102,"minecraft:time_since_rest":7950,"minecraft:damage_dealt":305,"minecraft:leave_game":3,"minecraft:sprint_one_cm":15117,"minecraft:play_time":7950,"minecraft:damage_taken":173,"minecraft:time_since_death":7950,"minecraft:walk_one_cm":9940,"minecraft:sneak_time":83,"minecraft:total_world_time":7950,"minecraft:mob_kills":1,"minecraft:fall_one_cm":3055,"minecraft:fly_one_cm":21207,"minecraft:player_kills":1},"minecraft:mined":{"minecraft:grass":9,"minecraft:tall_grass":4},"minecraft:picked_up":{"minecraft:porkchop":2,"minecraft:wheat_seeds":2},"minecraft:killed":{"minecraft:pig":1}},"DataVersion":3465}