{"stats":{"minecraft:custom":{"minecraft:time_since_rest":2713,"minecraft:crouch_one_cm":93,"minecraft:play_time":8588,"minecraft:sprint_one_cm":21159,"minecraft:deaths":1,"minecraft:damage_taken":326,"minecraft:walk_one_cm":36935,"minecraft:sneak_time":46,"minecraft:mob_kills":8,"minecraft:drop":2,"minecraft:jump":257,"minecraft:damage_dealt":1100,"minecraft:time_since_death":2940,"minecraft:total_world_time":8588,"minecraft:fall_one_cm":6332,"minecraft:fly_one_cm":55831},"minecraft:used":{"minecraft:dirt":3,"minecraft:cobblestone":1,"tombstone:gift":1},"minecraft:mined":{"minecraft:grass":33,"minecraft:grass_block":2,"minecraft:dirt":1,"minecraft:tall_grass":9},"minecraft:picked_up":{"minecraft:leather":1,"minecraft:wheat_seeds":3,"minecraft:dandelion":1,"minecraft:beef":7,"minecraft:porkchop":4,"minecraft:light_gray_wool":2,"minecraft:mutton":2,"minecraft:dirt":3,"minecraft:cobblestone":1,"minecraft:egg":1},"minecraft:killed_by":{"minecraft:player":1},"minecraft:killed":{"minecraft:sheep":1,"minecraft:pig":2,"minecraft:cow":5},"minecraft:dropped":{"minecraft:light_gray_wool":1,"minecraft:wheat_seeds":1}},"DataVersion":3465}