{"stats":{"minecraft:custom":{"minecraft:time_since_rest":10496,"minecraft:sprint_one_cm":31473,"minecraft:damage_taken":506,"minecraft:walk_one_cm":60832,"minecraft:mob_kills":15,"minecraft:drop":6,"minecraft:damage_dealt":1779,"minecraft:fly_one_cm":84653,"minecraft:crouch_one_cm":101,"minecraft:play_time":16371,"minecraft:deaths":1,"minecraft:sneak_time":74,"minecraft:jump":375,"minecraft:leave_game":1,"minecraft:time_since_death":10723,"minecraft:total_world_time":16371,"minecraft:fall_one_cm":8422},"minecraft:used":{"minecraft:oak_log":1,"minecraft:oxeye_daisy":1,"minecraft:dirt":37,"minecraft:cobblestone":1,"tombstone:gift":1,"minecraft:dandelion":2},"minecraft:mined":{"minecraft:bee_nest":1,"minecraft:grass":63,"minecraft:grass_block":5,"minecraft:oak_log":2,"minecraft:dirt":15,"minecraft:tall_grass":13,"minecraft:oxeye_daisy":1},"minecraft:picked_up":{"minecraft:leather":1,"minecraft:dandelion":2,"minecraft:porkchop":14,"minecraft:oak_log":2,"minecraft:dirt":37,"duneons:wintershroom":1,"minecraft:wheat_seeds":8,"minecraft:beef":10,"minecraft:light_gray_wool":2,"minecraft:mutton":2,"minecraft:egg":1,"minecraft:cobblestone":1,"minecraft:oxeye_daisy":1},"minecraft:killed_by":{"minecraft:player":1},"minecraft:killed":{"minecraft:sheep":1,"minecraft:pig":6,"bloomingnature:boar":1,"minecraft:cow":7},"minecraft:dropped":{"minecraft:wheat_seeds":5,"minecraft:light_gray_wool":1}},"DataVersion":3465}