{"stats":{"minecraft:custom":{"minecraft:time_since_rest":5065,"minecraft:play_time":5065,"minecraft:sprint_one_cm":14077,"minecraft:damage_taken":30,"minecraft:walk_one_cm":11320,"minecraft:sneak_time":4,"minecraft:walk_under_water_one_cm":117,"minecraft:mob_kills":2,"minecraft:drop":2,"minecraft:jump":79,"minecraft:damage_dealt":121,"minecraft:walk_on_water_one_cm":454,"minecraft:time_since_death":5065,"minecraft:total_world_time":5065,"minecraft:fly_one_cm":8028,"minecraft:fall_one_cm":2682},"minecraft:used":{"minecraft:dirt":2},"minecraft:mined":{"minecraft:grass":8,"minecraft:oak_log":19,"minecraft:grass_block":13,"minecraft:tall_grass":2,"minecraft:dandelion":1,"minecraft:oak_leaves":2,"minecraft:oxeye_daisy":1,"minecraft:azure_bluet":1},"minecraft:picked_up":{"minecraft:feather":1,"minecraft:azure_bluet":1,"minecraft:chicken":1,"minecraft:dandelion":1,"minecraft:oak_log":19,"minecraft:mutton":2,"minecraft:dirt":13,"minecraft:white_wool":1},"minecraft:killed":{"minecraft:sheep":1,"minecraft:chicken":1},"minecraft:dropped":{"minecraft:azure_bluet":1,"minecraft:dandelion":1}},"DataVersion":3465}