{"stats":{"minecraft:custom":{"minecraft:time_since_rest":10408,"minecraft:play_time":10408,"minecraft:sprint_one_cm":14077,"minecraft:damage_taken":70,"minecraft:walk_one_cm":12611,"minecraft:sneak_time":4,"minecraft:walk_under_water_one_cm":117,"minecraft:mob_kills":2,"minecraft:drop":3,"minecraft:jump":96,"minecraft:damage_dealt":121,"minecraft:leave_game":1,"minecraft:walk_on_water_one_cm":454,"minecraft:time_since_death":10408,"minecraft:total_world_time":10408,"minecraft:fly_one_cm":8068,"minecraft:fall_one_cm":2682},"minecraft:used":{"minecraft:dirt":8},"minecraft:crafted":{"minecraft:oak_planks":72,"minecraft:crafting_table":1,"minecraft:stick":12},"minecraft:mined":{"minecraft:grass":8,"minecraft:oak_log":24,"minecraft:grass_block":13,"minecraft:tall_grass":2,"minecraft:dandelion":1,"minecraft:oak_leaves":9,"minecraft:oxeye_daisy":1,"minecraft:azure_bluet":1},"minecraft:picked_up":{"minecraft:feather":1,"minecraft:azure_bluet":1,"minecraft:chicken":1,"minecraft:dandelion":1,"minecraft:oak_log":24,"minecraft:oak_sapling":2,"minecraft:mutton":2,"minecraft:dirt":13,"minecraft:white_wool":1},"minecraft:killed":{"minecraft:sheep":1,"minecraft:chicken":1},"minecraft:dropped":{"minecraft:azure_bluet":1,"minecraft:oak_sapling":1,"minecraft:dandelion":1}},"DataVersion":3465}