{"stats":{"minecraft:picked_up":{"minecraft:birch_log":7,"minecraft:gray_wool":1,"minecraft:spider_eye":1,"minecraft:string":2,"minecraft:black_wool":1,"minecraft:white_wool":1,"minecraft:mutton":4,"minecraft:dirt":24},"minecraft:killed":{"minecraft:spider":1,"minecraft:sheep":3},"minecraft:custom":{"minecraft:time_since_rest":7789,"minecraft:crouch_one_cm":1111,"minecraft:play_time":18459,"minecraft:sprint_one_cm":54597,"minecraft:deaths":3,"minecraft:damage_taken":1046,"minecraft:walk_one_cm":27643,"minecraft:sneak_time":648,"minecraft:walk_under_water_one_cm":547,"minecraft:mob_kills":4,"minecraft:jump":327,"minecraft:damage_dealt":399,"minecraft:leave_game":5,"minecraft:walk_on_water_one_cm":2743,"minecraft:time_since_death":10188,"minecraft:total_world_time":18459,"minecraft:swim_one_cm":1201,"minecraft:interact_with_crafting_table":2,"minecraft:fall_one_cm":3255,"minecraft:fly_one_cm":68991},"minecraft:crafted":{"minecraft:birch_planks":28,"minecraft:crafting_table":1,"minecraft:stick":4,"minecraft:wooden_axe":1},"minecraft:used":{"minecraft:wooden_axe":10,"minecraft:crafting_table":1,"minecraft:birch_sapling":2},"minecraft:mined":{"minecraft:grass":1,"minecraft:grass_block":8,"minecraft:birch_log":7}},"DataVersion":3465}