{"stats":{"minecraft:crafted":{"minecraft:oak_planks":16},"minecraft:used":{"minecraft:dirt":3},"minecraft:custom":{"minecraft:time_since_rest":1354,"minecraft:walk_one_cm":8643,"minecraft:play_time":6698,"minecraft:sprint_one_cm":13829,"minecraft:damage_taken":230,"minecraft:deaths":1,"minecraft:jump":204,"minecraft:damage_dealt":20,"minecraft:leave_game":1,"minecraft:time_since_death":1326,"minecraft:total_world_time":6698,"minecraft:fall_one_cm":6604,"minecraft:fly_one_cm":46963},"minecraft:picked_up":{"minecraft:apple":1,"minecraft:wheat_seeds":1,"minecraft:oak_log":4,"minecraft:oak_sapling":1,"minecraft:dirt":3},"minecraft:mined":{"minecraft:grass":4,"minecraft:oak_log":4,"minecraft:dirt":3,"minecraft:tall_grass":1,"minecraft:oak_leaves":4}},"DataVersion":3465}