{"stats":{"minecraft:used":{"minecraft:birch_sapling":2},"minecraft:picked_up":{"minecraft:dirt":16},"minecraft:custom":{"minecraft:jump":207,"minecraft:time_since_rest":905,"minecraft:walk_on_water_one_cm":2743,"minecraft:damage_taken":926,"minecraft:leave_game":3,"minecraft:play_time":11575,"minecraft:sprint_one_cm":28954,"minecraft:walk_one_cm":10679,"minecraft:time_since_death":3304,"minecraft:deaths":3,"minecraft:total_world_time":11575,"minecraft:walk_under_water_one_cm":547,"minecraft:swim_one_cm":1201,"minecraft:fall_one_cm":894,"minecraft:fly_one_cm":50187}},"DataVersion":3465}