{"stats":{"minecraft:custom":{"minecraft:interact_with_furnace":16,"minecraft:mob_kills":23,"minecraft:interact_with_crafting_table":10,"minecraft:leave_game":1,"minecraft:time_since_death":7184,"minecraft:sleep_in_bed":2,"minecraft:time_since_rest":6151,"minecraft:sprint_one_cm":106869,"minecraft:damage_taken":1749,"minecraft:walk_one_cm":105103,"minecraft:damage_blocked_by_shield":320,"minecraft:drop":4,"minecraft:damage_dealt":2967,"minecraft:swim_one_cm":341,"minecraft:fly_one_cm":193332,"minecraft:open_chest":3,"minecraft:crouch_one_cm":704,"minecraft:play_time":57248,"tombstone:undead_killed":5,"minecraft:deaths":6,"minecraft:sneak_time":716,"minecraft:walk_under_water_one_cm":156,"minecraft:jump":905,"minecraft:walk_on_water_one_cm":1552,"minecraft:total_world_time":57248,"minecraft:fall_one_cm":24494},"minecraft:crafted":{"minecraft:cooked_beef":21,"minecraft:wooden_sword":2,"minecraft:oak_planks":76,"minecraft:crafting_table":2,"minecraft:wooden_pickaxe":2,"minecraft:iron_sword":1,"minecraft:furnace":2,"minecraft:copper_ingot":31,"nature_arise:copper_leggings":1,"minecraft:cooked_mutton":11,"minecraft:air":0,"nature_arise:copper_chestplate":1,"nature_arise:copper_boots":1,"travelersbackpack:white_sleeping_bag":1,"minecraft:shield":1,"minecraft:stick":24,"minecraft:iron_ingot":8,"minecraft:iron_pickaxe":1,"minecraft:stone_pickaxe":1,"nature_arise:copper_helmet":1,"minecraft:white_bed":1,"minecraft:torch":60},"minecraft:mined":{"minecraft:crafting_table":3,"minecraft:torch":1,"minecraft:granite":2,"minecraft:grass_block":1,"minecraft:copper_ore":17,"minecraft:tall_grass":8,"minecraft:oak_planks":5,"minecraft:wall_torch":2,"minecraft:iron_ore":34,"minecraft:grass":29,"minecraft:coal_ore":33,"minecraft:oak_log":19,"minecraft:stone":32,"minecraft:oak_leaves":7},"minecraft:used":{"minecraft:cooked_mutton":3,"minecraft:stone_pickaxe":59,"minecraft:oak_planks":5,"minecraft:shield":4,"minecraft:wooden_pickaxe":41,"minecraft:iron_sword":30,"minecraft:torch":62,"minecraft:dirt":1,"minecraft:crafting_table":5,"minecraft:white_bed":1,"minecraft:granite":2,"minecraft:bread":1,"minecraft:iron_pickaxe":50,"minecraft:wooden_sword":131,"minecraft:cobblestone":4,"minecraft:furnace":2,"tombstone:gift":2},"minecraft:broken":{"minecraft:wooden_pickaxe":1},"minecraft:killed":{"minecraft:skeleton":2,"minecraft:sheep":6,"duneons:necromancer":1,"minecraft:zombie":3,"minecraft:cow":10},"minecraft:dropped":{"minecraft:wheat_seeds":2,"minecraft:rotten_flesh":1,"minecraft:oak_sapling":2,"minecraft:wooden_sword":1},"minecraft:picked_up":{"duneons:bluekinghat_chestplate":1,"duneons:crystalblue":1,"minecraft:crafting_table":3,"minecraft:leather":8,"duneons:bluekinghat_leggings":1,"minecraft:oak_log":19,"minecraft:dirt":1,"minecraft:raw_copper":64,"minecraft:bone":7,"minecraft:wheat_seeds":2,"minecraft:beef":21,"minecraft:oak_planks":5,"minecraft:stick":2,"minecraft:raw_iron":33,"minecraft:torch":2,"duneons:necromancerball":1,"tombstone:grave_dust":1,"duneons:bluekinghat_helmet":1,"minecraft:rotten_flesh":1,"minecraft:arrow":10,"duneons:bluebanner":1,"minecraft:granite":2,"minecraft:oak_sapling":2,"minecraft:mutton":11,"minecraft:coal":33,"minecraft:white_wool":6,"minecraft:cobblestone":32}},"DataVersion":3465}