{"stats":{"minecraft:used":{"minecraft:stone_pickaxe":59,"minecraft:oak_planks":5,"minecraft:wooden_pickaxe":41,"minecraft:torch":18,"minecraft:wooden_sword":131,"minecraft:dirt":1,"minecraft:cobblestone":1,"minecraft:crafting_table":5,"minecraft:furnace":2,"tombstone:gift":2,"minecraft:white_bed":1,"minecraft:granite":2},"minecraft:killed":{"minecraft:sheep":6,"minecraft:skeleton":2,"minecraft:zombie":1,"minecraft:cow":10},"minecraft:picked_up":{"minecraft:raw_iron":8,"minecraft:stick":2,"minecraft:crafting_table":3,"minecraft:leather":8,"minecraft:oak_log":19,"tombstone:grave_dust":1,"minecraft:dirt":1,"minecraft:raw_copper":31,"minecraft:bone":7,"minecraft:arrow":10,"minecraft:rotten_flesh":1,"minecraft:wheat_seeds":2,"minecraft:granite":2,"minecraft:beef":21,"minecraft:oak_planks":5,"minecraft:oak_sapling":2,"minecraft:mutton":11,"minecraft:coal":30,"minecraft:white_wool":6,"minecraft:cobblestone":20},"minecraft:dropped":{"minecraft:wooden_sword":1},"minecraft:mined":{"minecraft:iron_ore":8,"minecraft:crafting_table":3,"minecraft:granite":2,"minecraft:grass":29,"minecraft:coal_ore":30,"minecraft:grass_block":1,"minecraft:oak_log":19,"minecraft:copper_ore":8,"minecraft:tall_grass":8,"minecraft:stone":20,"minecraft:oak_planks":5,"minecraft:wall_torch":1,"minecraft:oak_leaves":7},"minecraft:crafted":{"minecraft:wooden_sword":2,"minecraft:oak_planks":36,"travelersbackpack:white_sleeping_bag":1,"minecraft:crafting_table":2,"minecraft:stick":12,"minecraft:iron_ingot":8,"minecraft:furnace":2,"minecraft:wooden_pickaxe":2,"minecraft:stone_pickaxe":1,"minecraft:white_bed":1,"minecraft:copper_ingot":19,"minecraft:torch":20,"minecraft:air":0},"minecraft:broken":{"minecraft:wooden_pickaxe":1},"minecraft:custom":{"minecraft:time_since_rest":9293,"minecraft:interact_with_furnace":4,"minecraft:sprint_one_cm":48726,"minecraft:damage_taken":820,"minecraft:walk_one_cm":67255,"minecraft:mob_kills":20,"minecraft:drop":1,"minecraft:damage_dealt":1930,"minecraft:interact_with_crafting_table":7,"minecraft:fly_one_cm":88176,"minecraft:open_chest":2,"minecraft:crouch_one_cm":347,"minecraft:play_time":33496,"tombstone:undead_killed":3,"minecraft:deaths":3,"minecraft:sneak_time":496,"minecraft:jump":506,"minecraft:leave_game":1,"minecraft:walk_on_water_one_cm":88,"minecraft:time_since_death":19008,"minecraft:sleep_in_bed":1,"minecraft:total_world_time":33496,"minecraft:fall_one_cm":10678}},"DataVersion":3465}