{"stats":{"minecraft:custom":{"minecraft:interact_with_furnace":16,"minecraft:mob_kills":20,"minecraft:interact_with_crafting_table":10,"minecraft:leave_game":1,"minecraft:time_since_death":1677,"minecraft:sleep_in_bed":2,"minecraft:time_since_rest":22,"minecraft:sprint_one_cm":68129,"minecraft:damage_taken":1098,"minecraft:walk_one_cm":77380,"minecraft:drop":4,"minecraft:damage_dealt":1930,"minecraft:fly_one_cm":126113,"minecraft:open_chest":3,"minecraft:crouch_one_cm":347,"minecraft:play_time":45248,"tombstone:undead_killed":3,"minecraft:deaths":4,"minecraft:sneak_time":496,"minecraft:walk_under_water_one_cm":100,"minecraft:jump":653,"minecraft:walk_on_water_one_cm":297,"minecraft:total_world_time":45248,"minecraft:fall_one_cm":15494},"minecraft:crafted":{"minecraft:cooked_beef":21,"minecraft:wooden_sword":2,"minecraft:oak_planks":76,"minecraft:crafting_table":2,"minecraft:wooden_pickaxe":2,"minecraft:iron_sword":1,"minecraft:furnace":2,"minecraft:copper_ingot":31,"nature_arise:copper_leggings":1,"minecraft:cooked_mutton":11,"minecraft:air":0,"nature_arise:copper_chestplate":1,"nature_arise:copper_boots":1,"travelersbackpack:white_sleeping_bag":1,"minecraft:shield":1,"minecraft:stick":24,"minecraft:iron_ingot":8,"minecraft:iron_pickaxe":1,"minecraft:stone_pickaxe":1,"nature_arise:copper_helmet":1,"minecraft:white_bed":1,"minecraft:torch":60},"minecraft:mined":{"minecraft:crafting_table":3,"minecraft:torch":1,"minecraft:granite":2,"minecraft:grass_block":1,"minecraft:copper_ore":8,"minecraft:tall_grass":8,"minecraft:oak_planks":5,"minecraft:wall_torch":1,"minecraft:iron_ore":8,"minecraft:grass":29,"minecraft:coal_ore":30,"minecraft:oak_log":19,"minecraft:stone":20,"minecraft:oak_leaves":7},"minecraft:used":{"minecraft:cooked_mutton":1,"minecraft:stone_pickaxe":59,"minecraft:oak_planks":5,"minecraft:wooden_pickaxe":41,"minecraft:torch":34,"minecraft:dirt":1,"minecraft:crafting_table":5,"minecraft:white_bed":1,"minecraft:granite":2,"minecraft:bread":1,"minecraft:wooden_sword":131,"minecraft:cobblestone":1,"minecraft:furnace":2,"tombstone:gift":2},"minecraft:broken":{"minecraft:wooden_pickaxe":1},"minecraft:killed":{"minecraft:skeleton":2,"minecraft:sheep":6,"minecraft:zombie":1,"minecraft:cow":10},"minecraft:dropped":{"minecraft:wheat_seeds":2,"minecraft:rotten_flesh":1,"minecraft:oak_sapling":2,"minecraft:wooden_sword":1},"minecraft:picked_up":{"minecraft:crafting_table":3,"minecraft:leather":8,"minecraft:oak_log":19,"minecraft:dirt":1,"minecraft:raw_copper":31,"minecraft:bone":7,"minecraft:wheat_seeds":2,"minecraft:beef":21,"minecraft:oak_planks":5,"minecraft:stick":2,"minecraft:raw_iron":8,"minecraft:torch":1,"tombstone:grave_dust":1,"minecraft:rotten_flesh":1,"minecraft:arrow":10,"minecraft:granite":2,"minecraft:oak_sapling":2,"minecraft:mutton":11,"minecraft:coal":30,"minecraft:white_wool":6,"minecraft:cobblestone":20}},"DataVersion":3465}