{"stats":{"minecraft:broken":{"minecraft:wooden_sword":1},"minecraft:crafted":{"minecraft:wooden_sword":1,"minecraft:oak_planks":24,"minecraft:crafting_table":1,"minecraft:stick":4,"minecraft:wooden_pickaxe":1,"minecraft:white_bed":1,"minecraft:birch_planks":24},"minecraft:used":{"minecraft:wooden_pickaxe":7,"minecraft:wooden_sword":76,"minecraft:crafting_table":2,"minecraft:white_bed":3},"minecraft:custom":{"minecraft:time_since_rest":40,"minecraft:sprint_one_cm":34985,"minecraft:damage_taken":355,"minecraft:walk_one_cm":39907,"minecraft:mob_kills":10,"minecraft:damage_dealt":1043,"minecraft:interact_with_crafting_table":2,"minecraft:fly_one_cm":85639,"minecraft:play_time":21474,"minecraft:deaths":1,"minecraft:jump":318,"minecraft:leave_game":3,"minecraft:time_since_death":3451,"minecraft:sleep_in_bed":3,"minecraft:total_world_time":21474,"minecraft:fall_one_cm":8891},"minecraft:picked_up":{"minecraft:birch_log":6,"minecraft:stick":1,"minecraft:crafting_table":3,"minecraft:leather":8,"minecraft:wooden_pickaxe":1,"minecraft:birch_planks":15,"minecraft:porkchop":10,"minecraft:oak_log":6,"minecraft:white_bed":3,"minecraft:string":1,"minecraft:wooden_sword":1,"minecraft:wheat_seeds":11,"minecraft:beef":14,"minecraft:oak_planks":19,"minecraft:mutton":10,"minecraft:coal":10,"minecraft:white_wool":3,"minecraft:cobblestone":4,"minecraft:egg":2},"minecraft:killed":{"minecraft:sheep":3,"minecraft:pig":3,"minecraft:spider":1,"minecraft:cow":3},"minecraft:mined":{"minecraft:white_bed":2,"minecraft:birch_log":6,"minecraft:birch_leaves":1,"minecraft:crafting_table":2,"minecraft:grass":89,"minecraft:oak_log":6,"minecraft:coal_ore":5,"minecraft:tall_grass":6,"minecraft:stone":2}},"DataVersion":3465}