{"stats":{"minecraft:used":{"minecraft:wooden_sword":84,"minecraft:dirt":1,"minecraft:crafting_table":2,"minecraft:wooden_pickaxe":2},"minecraft:killed":{"minecraft:zombie":1,"minecraft:cow":9},"minecraft:picked_up":{"minecraft:crafting_table":2,"minecraft:rotten_flesh":1,"minecraft:leather":8,"minecraft:wheat_seeds":2,"minecraft:beef":16,"minecraft:oak_log":4,"tombstone:grave_dust":1,"minecraft:oak_sapling":2,"minecraft:dirt":1},"minecraft:crafted":{"minecraft:wooden_sword":1,"minecraft:oak_planks":16,"minecraft:crafting_table":1,"minecraft:stick":4,"minecraft:wooden_pickaxe":1},"minecraft:mined":{"minecraft:grass":25,"minecraft:grass_block":1,"minecraft:oak_log":4,"minecraft:tall_grass":3,"minecraft:oak_leaves":5,"minecraft:crafting_table":2},"minecraft:custom":{"minecraft:time_since_rest":9496,"tombstone:undead_killed":1,"minecraft:play_time":9496,"minecraft:sprint_one_cm":4821,"minecraft:damage_taken":30,"minecraft:walk_one_cm":23163,"minecraft:mob_kills":10,"minecraft:jump":100,"minecraft:damage_dealt":1103,"minecraft:leave_game":1,"minecraft:time_since_death":9496,"minecraft:total_world_time":9496,"minecraft:fall_one_cm":2717,"minecraft:interact_with_crafting_table":1,"minecraft:fly_one_cm":9297}},"DataVersion":3465}