{"stats":{"minecraft:picked_up":{"minecraft:birch_log":30,"minecraft:crafting_table":1,"minecraft:feather":9,"minecraft:chicken":6,"minecraft:leather":2,"minecraft:porkchop":18,"minecraft:oak_log":5,"tombstone:grave_dust":2,"minecraft:dirt":6,"minecraft:bundle":1,"minecraft:bone":1,"minecraft:rotten_flesh":5,"minecraft:wheat_seeds":6,"minecraft:beef":2,"delightful:green_tea_leaf":1,"minecraft:birch_sapling":4,"minecraft:cobblestone":15,"minecraft:egg":3},"minecraft:killed":{"minecraft:skeleton":1,"minecraft:zombie":6,"minecraft:pig":11,"minecraft:chicken":6,"minecraft:creeper":1,"minecraft:cow":1},"minecraft:broken":{"minecraft:wooden_axe":1,"minecraft:wooden_sword":1},"minecraft:custom":{"minecraft:time_since_rest":0,"minecraft:sprint_one_cm":89300,"minecraft:damage_taken":1791,"minecraft:walk_one_cm":72770,"minecraft:mob_kills":26,"minecraft:damage_dealt":3149,"minecraft:interact_with_crafting_table":2,"minecraft:fly_one_cm":99134,"minecraft:play_time":52109,"tombstone:undead_killed":7,"minecraft:deaths":7,"minecraft:sneak_time":6,"minecraft:jump":484,"minecraft:leave_game":7,"minecraft:time_since_death":0,"minecraft:total_world_time":52109,"minecraft:fall_one_cm":8333},"minecraft:crafted":{"minecraft:wooden_sword":1,"minecraft:crafting_table":1,"minecraft:stick":8,"minecraft:wooden_pickaxe":1,"minecraft:wooden_axe":1,"minecraft:birch_planks":48},"minecraft:used":{"minecraft:wooden_axe":42,"minecraft:wooden_pickaxe":19,"minecraft:wooden_sword":62,"minecraft:dirt":16,"minecraft:crafting_table":1,"minecraft:birch_log":7,"tombstone:gift":2},"minecraft:mined":{"minecraft:birch_log":27,"minecraft:birch_leaves":2,"minecraft:crafting_table":1,"minecraft:grass":29,"minecraft:grass_block":6,"minecraft:oak_log":5,"minecraft:stone":15,"minecraft:oak_leaves":1}},"DataVersion":3465}