{"stats":{"minecraft:custom":{"minecraft:interact_with_furnace":18,"minecraft:mob_kills":32,"minecraft:interact_with_crafting_table":10,"goblintraders:trade_with_goblin":60,"minecraft:leave_game":4,"minecraft:time_since_death":2287,"minecraft:sleep_in_bed":2,"minecraft:time_since_rest":1497,"minecraft:sprint_one_cm":168473,"minecraft:damage_taken":3017,"minecraft:walk_one_cm":158313,"minecraft:damage_blocked_by_shield":410,"minecraft:drop":7,"minecraft:damage_dealt":4311,"minecraft:swim_one_cm":934,"minecraft:fly_one_cm":291926,"minecraft:open_chest":4,"minecraft:crouch_one_cm":1229,"minecraft:play_time":93441,"tombstone:undead_killed":9,"minecraft:deaths":10,"minecraft:sneak_time":1018,"minecraft:walk_under_water_one_cm":7627,"minecraft:jump":1444,"minecraft:walk_on_water_one_cm":4393,"minecraft:total_world_time":93441,"minecraft:fall_one_cm":46842},"minecraft:used":{"minecraft:cooked_mutton":7,"minecraft:stone_pickaxe":59,"minecraft:oak_planks":5,"minecraft:shield":6,"minecraft:wooden_pickaxe":41,"minecraft:iron_sword":84,"minecraft:torch":72,"minecraft:dirt":1,"minecraft:crafting_table":5,"minecraft:white_bed":1,"minecraft:granite":2,"minecraft:bread":1,"minecraft:iron_pickaxe":250,"minecraft:wooden_sword":131,"minecraft:cobblestone":24,"minecraft:furnace":2,"tombstone:gift":2},"minecraft:crafted":{"minecraft:cooked_beef":21,"minecraft:wooden_sword":2,"minecraft:oak_planks":76,"minecraft:crafting_table":2,"minecraft:wooden_pickaxe":2,"minecraft:iron_sword":1,"minecraft:furnace":2,"minecraft:copper_ingot":91,"nature_arise:copper_leggings":1,"minecraft:cooked_mutton":11,"minecraft:air":0,"nature_arise:copper_chestplate":1,"nature_arise:copper_boots":1,"travelersbackpack:white_sleeping_bag":1,"minecraft:shield":1,"minecraft:stick":32,"minecraft:iron_ingot":68,"minecraft:iron_pickaxe":1,"minecraft:stone_pickaxe":1,"nature_arise:copper_helmet":1,"minecraft:white_bed":1,"minecraft:torch":92},"minecraft:mined":{"minecraft:crafting_table":3,"minecraft:torch":2,"minecraft:granite":5,"minecraft:grass_block":2,"minecraft:tall_grass":12,"minecraft:copper_ore":71,"minecraft:oak_planks":5,"minecraft:diorite":2,"minecraft:wall_torch":2,"minecraft:iron_ore":78,"minecraft:andesite":11,"minecraft:grass":29,"minecraft:oak_log":19,"minecraft:coal_ore":97,"minecraft:dirt":2,"minecraft:stone":53,"minecraft:gold_ore":1,"minecraft:oak_leaves":7},"minecraft:broken":{"minecraft:iron_pickaxe":1,"minecraft:wooden_pickaxe":1},"minecraft:picked_up":{"duneons:bluekinghat_chestplate":1,"duneons:crystalblue":1,"minecraft:crafting_table":3,"minecraft:andesite":10,"minecraft:leather":15,"duneons:bluekinghat_leggings":1,"minecraft:oak_log":19,"minecraft:dirt":4,"minecraft:raw_copper":252,"minecraft:bone":8,"minecraft:bow":1,"minecraft:wheat_seeds":2,"minecraft:raw_gold":1,"minecraft:beef":29,"minecraft:iron_sword":2,"minecraft:oak_planks":5,"minecraft:stick":2,"minecraft:raw_iron":78,"minecraft:torch":3,"duneons:necromancerball":1,"tombstone:grave_dust":3,"minecraft:diorite":2,"duneons:bluekinghat_helmet":1,"minecraft:arrow":11,"minecraft:rotten_flesh":6,"duneons:bluebanner":1,"minecraft:granite":5,"minecraft:oak_sapling":2,"minecraft:mutton":11,"minecraft:coal":96,"minecraft:white_wool":6,"minecraft:cobblestone":53},"minecraft:killed":{"minecraft:skeleton":3,"minecraft:sheep":6,"duneons:necromancer":1,"minecraft:zombie":6,"minecraft:cow":14},"minecraft:dropped":{"minecraft:iron_sword":2,"minecraft:wheat_seeds":2,"minecraft:rotten_flesh":6,"minecraft:oak_sapling":2,"minecraft:wooden_sword":1}},"DataVersion":3465}