{"stats":{"minecraft:used":{"minecraft:stone_pickaxe":31,"minecraft:oak_planks":5,"minecraft:wooden_pickaxe":41,"minecraft:torch":9,"minecraft:wooden_sword":131,"minecraft:dirt":1,"minecraft:crafting_table":5,"tombstone:gift":2,"minecraft:granite":1},"minecraft:killed":{"minecraft:sheep":6,"minecraft:skeleton":2,"minecraft:zombie":1,"minecraft:cow":10},"minecraft:picked_up":{"minecraft:raw_iron":8,"minecraft:stick":2,"minecraft:crafting_table":3,"minecraft:leather":8,"minecraft:oak_log":9,"tombstone:grave_dust":1,"minecraft:dirt":1,"minecraft:bone":7,"minecraft:arrow":10,"minecraft:rotten_flesh":1,"minecraft:wheat_seeds":2,"minecraft:granite":1,"minecraft:beef":21,"minecraft:oak_sapling":2,"minecraft:mutton":11,"minecraft:coal":25,"minecraft:white_wool":6,"minecraft:cobblestone":6},"minecraft:dropped":{"minecraft:wooden_sword":1},"minecraft:mined":{"minecraft:iron_ore":8,"minecraft:crafting_table":3,"minecraft:granite":1,"minecraft:grass":28,"minecraft:coal_ore":25,"minecraft:grass_block":1,"minecraft:oak_log":9,"minecraft:tall_grass":5,"minecraft:stone":6,"minecraft:wall_torch":1,"minecraft:oak_leaves":6},"minecraft:crafted":{"minecraft:wooden_sword":2,"minecraft:oak_planks":36,"minecraft:crafting_table":2,"minecraft:stick":12,"minecraft:wooden_pickaxe":2,"minecraft:stone_pickaxe":1,"minecraft:torch":20},"minecraft:broken":{"minecraft:wooden_pickaxe":1},"minecraft:custom":{"minecraft:time_since_rest":6428,"minecraft:sprint_one_cm":33339,"minecraft:damage_taken":800,"minecraft:walk_one_cm":56306,"minecraft:mob_kills":20,"minecraft:drop":1,"minecraft:damage_dealt":1930,"minecraft:interact_with_crafting_table":3,"minecraft:fly_one_cm":64937,"minecraft:open_chest":2,"minecraft:crouch_one_cm":136,"minecraft:play_time":21496,"tombstone:undead_killed":3,"minecraft:deaths":3,"minecraft:sneak_time":354,"minecraft:jump":362,"minecraft:leave_game":1,"minecraft:time_since_death":7008,"minecraft:total_world_time":21496,"minecraft:fall_one_cm":7110}},"DataVersion":3465}