{"stats":{"minecraft:used":{"minecraft:wooden_axe":23,"minecraft:wooden_pickaxe":15,"minecraft:wooden_sword":49,"minecraft:crafting_table":1,"minecraft:birch_log":4},"minecraft:killed":{"minecraft:zombie":1,"minecraft:pig":11,"minecraft:chicken":6,"minecraft:creeper":1,"minecraft:cow":1},"minecraft:mined":{"minecraft:birch_log":27,"minecraft:birch_leaves":2,"minecraft:crafting_table":1,"minecraft:grass":10,"minecraft:oak_log":5,"minecraft:stone":15},"minecraft:crafted":{"minecraft:wooden_sword":1,"minecraft:crafting_table":1,"minecraft:stick":8,"minecraft:wooden_pickaxe":1,"minecraft:wooden_axe":1,"minecraft:birch_planks":48},"minecraft:picked_up":{"minecraft:birch_log":27,"minecraft:crafting_table":1,"minecraft:feather":9,"minecraft:chicken":6,"minecraft:leather":2,"minecraft:porkchop":18,"minecraft:oak_log":5,"minecraft:bundle":1,"minecraft:rotten_flesh":2,"minecraft:wheat_seeds":3,"minecraft:beef":2,"delightful:green_tea_leaf":1,"minecraft:birch_sapling":4,"minecraft:cobblestone":15,"minecraft:egg":3},"minecraft:custom":{"minecraft:time_since_rest":1,"minecraft:sprint_one_cm":46503,"minecraft:damage_taken":244,"minecraft:walk_one_cm":38218,"minecraft:mob_kills":20,"minecraft:damage_dealt":1981,"minecraft:interact_with_crafting_table":2,"minecraft:fly_one_cm":35662,"minecraft:play_time":27942,"tombstone:undead_killed":1,"minecraft:deaths":1,"minecraft:jump":206,"minecraft:leave_game":2,"minecraft:time_since_death":463,"minecraft:total_world_time":27942,"minecraft:fall_one_cm":4300}},"DataVersion":3465}