{"stats":{"minecraft:custom":{"minecraft:time_since_rest":280,"minecraft:sprint_one_cm":19848,"minecraft:damage_taken":20,"minecraft:walk_one_cm":30364,"minecraft:mob_kills":9,"minecraft:damage_dealt":872,"minecraft:interact_with_crafting_table":2,"minecraft:fly_one_cm":58238,"minecraft:play_time":17309,"minecraft:jump":212,"minecraft:leave_game":3,"minecraft:time_since_death":17309,"minecraft:sleep_in_bed":2,"minecraft:total_world_time":17309,"minecraft:fall_one_cm":6072},"minecraft:crafted":{"minecraft:wooden_sword":1,"minecraft:oak_planks":24,"minecraft:crafting_table":1,"minecraft:stick":4,"minecraft:wooden_pickaxe":1,"minecraft:white_bed":1,"minecraft:birch_planks":24},"minecraft:used":{"minecraft:wooden_pickaxe":7,"minecraft:wooden_sword":59,"minecraft:crafting_table":2,"minecraft:white_bed":2},"minecraft:mined":{"minecraft:white_bed":2,"minecraft:birch_log":6,"minecraft:birch_leaves":1,"minecraft:crafting_table":2,"minecraft:grass":67,"minecraft:oak_log":6,"minecraft:coal_ore":5,"minecraft:tall_grass":6,"minecraft:stone":2},"minecraft:killed":{"minecraft:sheep":3,"minecraft:pig":3,"minecraft:cow":3},"minecraft:picked_up":{"minecraft:birch_log":6,"minecraft:crafting_table":2,"minecraft:leather":4,"minecraft:porkchop":5,"minecraft:oak_log":6,"minecraft:white_bed":2,"minecraft:wheat_seeds":4,"minecraft:beef":7,"minecraft:mutton":5,"minecraft:coal":5,"minecraft:white_wool":3,"minecraft:cobblestone":2,"minecraft:egg":1}},"DataVersion":3465}