{"stats":{"minecraft:used":{"minecraft:wooden_axe":23,"minecraft:wooden_pickaxe":15,"minecraft:wooden_sword":62,"minecraft:dirt":6,"minecraft:crafting_table":1,"minecraft:birch_log":4},"minecraft:broken":{"minecraft:wooden_sword":1},"minecraft:killed":{"minecraft:skeleton":1,"minecraft:zombie":2,"minecraft:pig":11,"minecraft:chicken":6,"minecraft:creeper":1,"minecraft:cow":1},"minecraft:mined":{"minecraft:birch_log":27,"minecraft:birch_leaves":2,"minecraft:crafting_table":1,"minecraft:grass":19,"minecraft:grass_block":6,"minecraft:oak_log":5,"minecraft:stone":15,"minecraft:oak_leaves":1},"minecraft:crafted":{"minecraft:wooden_sword":1,"minecraft:crafting_table":1,"minecraft:stick":8,"minecraft:wooden_pickaxe":1,"minecraft:wooden_axe":1,"minecraft:birch_planks":48},"minecraft:custom":{"minecraft:time_since_rest":1,"minecraft:sprint_one_cm":75921,"minecraft:damage_taken":716,"minecraft:walk_one_cm":48279,"minecraft:mob_kills":22,"minecraft:damage_dealt":2444,"minecraft:interact_with_crafting_table":2,"minecraft:fly_one_cm":81286,"minecraft:play_time":40709,"tombstone:undead_killed":3,"minecraft:deaths":3,"minecraft:jump":381,"minecraft:leave_game":5,"minecraft:time_since_death":467,"minecraft:total_world_time":40709,"minecraft:fall_one_cm":7915},"minecraft:picked_up":{"minecraft:birch_log":27,"minecraft:crafting_table":1,"minecraft:feather":9,"minecraft:chicken":6,"minecraft:leather":2,"minecraft:porkchop":18,"minecraft:oak_log":5,"minecraft:dirt":6,"minecraft:bundle":1,"minecraft:bone":1,"minecraft:rotten_flesh":2,"minecraft:wheat_seeds":5,"minecraft:beef":2,"delightful:green_tea_leaf":1,"minecraft:birch_sapling":4,"minecraft:cobblestone":15,"minecraft:egg":3}},"DataVersion":3465}